{"kl_div":0.15873724222183228,"objective":-0.40123051404953003,"_step":60,"format_reward":0.125,"completions":{"sha256":"facfb1880093e2831bfd92c630ef23c9ca4b37fa7a917da9572d83169ef91475","size":29248,"artifact_path":"wandb-client-artifact://ei8ui6maz2h7df82aahhicu80prlir4cxbtxszkevx3ojoy734y3y1b94zlt6z7pgr695h4nt2zgkqfagrrlraei3rgdk1mokahzyxrsynkqqfckmp1meel3rvrf0xlf/completions.table.json","_latest_artifact_path":"wandb-client-artifact://y903g3weyd0oivxmrzz0kw238bk2kuln0f3enmmqoyk4i3z1by3qxygclicqrpzuqwb7zjkabpxzn407augz4qnjbwc2gsuzup9h4gwecr0thzmh37122f333wt7i6s3:latest/completions.table.json","path":"media/table/completions_60_facfb1880093e2831bfd.table.json","ncols":4,"nrows":32,"_type":"table-file"},"_timestamp":1.7399658393437328e+09,"correctness_reward":0.5,"global_step":60,"rewards":0.7744140625,"_runtime":1939.582095706,"loss":0.40123072266578674,"_wandb":{"runtime":1939}}