{"global_step":24,"_step":23,"completions":{"size":276209,"artifact_path":"wandb-client-artifact://cu6y00aqt7end2wlv8ba9cqdob1xguxz84tsosjd53sdywebp78mkswkrq1j48cuxe44866ehautbmyn2ypmdgzjww9dnd7k3lid7ete09zzhbagdsd6zvmxweqvgtch/completions.table.json","_latest_artifact_path":"wandb-client-artifact://9k2iqd5ravy00isgl8qrgzq9euxoem59ew1k13i098ebpbnnza0zjk2vnewodbcpqolitftfipqf7edq4vpbx39fnvame8nlrtre0860hmxc6quancwecnkioeix6dgz:latest/completions.table.json","path":"media/table/completions_22_db62fe7bf622997c2190.table.json","ncols":4,"nrows":256,"_type":"table-file","sha256":"db62fe7bf622997c2190561f32cad8c078bd35153fb26c1d79929a683ef9eac1"},"format_reward":0,"objective":-0.0067539396695792675,"_runtime":6371.620030559,"loss":0.00675393920391798,"rewards":0,"_wandb":{"runtime":6467},"correctness_reward":0,"_timestamp":1.7399742772028477e+09,"kl_div":0.06753939390182495}